# metric: 加權未解決設計問題數 (P0×3,P1×2,P2×1) | direction: lower_is_better | stop: 全清 + WOW 細節
iteration	timestamp	commit	metric	delta	guard	status	description
0	2026-07-23T08:55	326cd33	16	0.0	pass	baseline	1×P0(基本面跨幣別錯值TSM P/B 87) 4×P1(平盤+0.00%顯紅/時鐘倒數像時刻/圓點語意不明/AI助理空狀態全黑) 5×P2(KORU名稱fallback重複/label中英混雜/交易所raw代碼/0/4開盤壓縮/摘要icon不明)
1	2026-07-23T09:03	d982d94	13	-3.0	pass	keep	P0清除: ADR跨幣別 P/B、P/S 回 null 顯示「—」(TSM 驗證 null, AAPL 不受影響)
2	2026-07-23T09:05	f2abb04	11	-2.0	pass	keep	平盤漲跌0中性灰去符號(price-flat), 主行+ext行皆套用
3	2026-07-23T09:07	c8ae591	9	-2.0	pass	keep	倒數加中文單位12時26分/26分, 時刻誤讀消除
4	2026-07-23T09:08	fbb9d24	7	-2.0	pass	keep	圓點單一語意: 僅交易中亮綠點
5	2026-07-23T09:08	fbb9d24	6	-1.0	pass	keep	聊天空狀態+建議chips(全流程驗證); 新發現P2: clearbit已死(+1)
6	2026-07-23T09:10	-	5	-1.0	pass	keep	移除已死clearbit備源+清DB舊URL, console歸零
7	2026-07-23T09:11	-	4	-1.0	pass	keep	補缺公司名(supplement順路)+副標重複不顯示
8	2026-07-23T09:13	50e3587	0	-4.0	pass	keep	文案清晰化: 基本面中文label/交易所翻譯/1-4交易中/問AI按鈕. 指標歸零
